1-1_GTGT,1
1-2_GTGT,2
1-3_GTGT,3
1-4_GTGT,4
1-5_GTGT,5
1-6_GTGT,6
1-7_GTGT,7
1-1_AGAC,8
1-2_AGAC,9
1-3_AGAC,10
1-4_AGAC,11
1-5_AGAC,12
1-6_AGAC,13
1-7_AGAC,14
1-1_ACCA,15
1-2_ACCA,16
1-3_ACCA,17
1-4_ACCA,18
1-5_ACCA,19
1-6_ACCA,20
1-7_ACCA,21
1-1_AGTG,22
1-2_AGTG,23
1-3_AGTG,24
1-4_AGTG,25
1-5_AGTG,26
1-6_AGTG,27
1-7_AGTG,28
1-1_CATC,29
1-2_CATC,30
1-3_CATC,31
1-4_CATC,32
1-5_CATC,33
1-6_CATC,34
1-7_CATC,35
1-1_GTGA,36
1-2_GTGA,37
1-3_GTGA,38
1-4_GTGA,39
1-5_GTGA,40
1-6_GTGA,41
1-7_GTGA,42
1-1_TCAG,43
1-2_TCAG,44
1-3_TCAG,45
1-4_TCAG,46
1-5_TCAG,47
1-6_TCAG,48
1-7_TCAG,49
1-1_GCTT,50
1-2_GCTT,51
1-3_GCTT,52
1-4_GCTT,53
1-5_GCTT,54
1-6_GCTT,55
1-7_GCTT,56
1-1_CTAC,57
1-2_CTAC,58
1-3_CTAC,59
1-4_CTAC,60
1-5_CTAC,61
1-6_CTAC,62
1-7_CTAC,63
1-1_TGTC,64
1-2_TGTC,65
1-3_TGTC,66
1-4_TGTC,67
1-5_TGTC,68
1-6_TGTC,69
1-7_TGTC,70
1-1_TCAC,71
1-2_TCAC,72
1-3_TCAC,73
1-4_TCAC,74
1-5_TCAC,75
